CompletionTime,SpatialError,D,K,Amplitude,Gap
-0.5144314,1,76,2,2,62
0.1998857,0.99205,37,46,54,0
0.4951228,0.44875,32,56,55,21