CompletionTime,SpatialError,D,K,Amplitude,Gap
0.114165,0.7332,89,26,78,92
0.2570222,0.86495,22,27,67,70
-0.01917271,0.8366,53,48,52,25