CompletionTime,SpatialError,D,K,Amplitude,Gap
0.2570229,0.63585,61,50,64,12
-1,-1,76,2,2,62
0.257033,-0.37395,39,47,86,1
-0.9144427,0.1729,84,75,15,42